DENT_CODE,COMMODITY_DESC,LANG,DISCIPLINE,OBJECT,UNIT_SET,UNIT,PART_CODE,FLIA_SLFIA,FABRICANTE,CATALOGO,USER_I,COUNTRY,TAMDESC1,TAMDESC2,TAMDESC3,INPUT_1,INPUT_2,INPUT_3,UNIT1,UNIT2,UNIT3
CXC0A09KA001000000,"CONDULETA TIPO ""C"", ALUMINIO LIBRE DE COBRE -NATURAL, MARK 9, UBICACIÓN EN AREA NO PELIGROSA, ROSCA HEMBRA",Spanish,ELECTRICAL,E_C001_PC,PC,PC,XC0,4620,CROUSE-HINDS,C39,,VE,Diametro_FR,I_SIZE1,I_SIZE2,1,0,0,IN,-,-
CXC0A09KA002000000,"CONDULETA TIPO ""C"", ALUMINIO LIBRE DE COBRE -NATURAL, MARK 9, UBICACIÓN EN AREA NO PELIGROSA, ROSCA HEMBRA",Spanish,ELECTRICAL,E_C001_PC,PC,PC,XC0,4620,CROUSE-HINDS,C69,,VE,Diametro_FR,I_SIZE1,I_SIZE2,2,0,0,IN,-,-
CXC0A09KA003000000,"CONDULETA TIPO ""C"", ALUMINIO LIBRE DE COBRE -NATURAL, MARK 9, UBICACIÓN EN AREA NO PELIGROSA, ROSCA HEMBRA",Spanish,ELECTRICAL,E_C001_PC,PC,PC,XC0,4620,CROUSE-HINDS,C889,,VE,Diametro_FR,I_SIZE1,I_SIZE2,3,0,0,IN,-,-
CXC0A09KA004000000,"CONDULETA TIPO ""C"", ALUMINIO LIBRE DE COBRE -NATURAL, MARK 9, UBICACIÓN EN AREA NO PELIGROSA, ROSCA HEMBRA",Spanish,ELECTRICAL,E_C001_PC,PC,PC,XC0,4620,CROUSE-HINDS,C1089,,VE,Diametro_FR,I_SIZE1,I_SIZE2,4,0,0,IN,-,-
CXC0A09KA00F000000,"CONDULETA TIPO ""C"", ALUMINIO LIBRE DE COBRE -NATURAL, MARK 9, UBICACIÓN EN AREA NO PELIGROSA, ROSCA HEMBRA",Spanish,ELECTRICAL,E_C001_PC,PC,PC,XC0,4620,CROUSE-HINDS,C29,,VE,Diametro_FR,I_SIZE1,I_SIZE2,0.75,0,0,IN,-,-
CXC0A09KA01D000000,"CONDULETA TIPO ""C"", ALUMINIO LIBRE DE COBRE -NATURAL, MARK 9, UBICACIÓN EN AREA NO PELIGROSA, ROSCA HEMBRA",Spanish,ELECTRICAL,E_C001_PC,PC,PC,XC0,4620,CROUSE-HINDS,C59,,VE,Diametro_FR,I_SIZE1,I_SIZE2,1.5,0,0,IN,-,-
CXC0A09KA02D000000,"CONDULETA TIPO ""C"", ALUMINIO LIBRE DE COBRE -NATURAL, MARK 9, UBICACIÓN EN AREA NO PELIGROSA, ROSCA HEMBRA",Spanish,ELECTRICAL,E_C001_PC,PC,PC,XC0,4620,,,,VE,Diametro_FR,I_SIZE1,I_SIZE2,2.5,0,0,IN,-,-
CXC0F67KA001000000,"CONDULETA TIPO ""C"", FERALOY/ELECTROGALV.,CON PINTURA ACRILICA DE ALUMINIO, FORMA 7, AREA NO PELIGROSA, ROSCA HEMBRA",Spanish,ELECTRICAL,E_C001_PC,PC,PC,XC0,4620,CROUSE-HINDS,C37,,VE,Diametro_FR,I_SIZE1,I_SIZE2,1,0,0,IN,-,-
CXC0F67KA002000000,"CONDULETA TIPO ""C"", FERALOY/ELECTROGALV.,CON PINTURA ACRILICA DE ALUMINIO, FORMA 7, AREA NO PELIGROSA, ROSCA HEMBRA",Spanish,ELECTRICAL,E_C001_PC,PC,PC,XC0,4620,CROUSE-HINDS,C67,,VE,Diametro_FR,I_SIZE1,I_SIZE2,2,0,0,IN,-,-
CXC0F67KA003000000,"CONDULETA TIPO ""C"", FERALOY/ELECTROGALV.,CON PINTURA ACRILICA DE ALUMINIO, FORMA 7, AREA NO PELIGROSA, ROSCA HEMBRA",Spanish,ELECTRICAL,E_C001_PC,PC,PC,XC0,4620,CROUSE-HINDS,C87,,VE,Diametro_FR,I_SIZE1,I_SIZE2,3,0,0,IN,-,-
CXC0F67KA00D000000,"CONDULETA TIPO ""C"", FERALOY/ELECTROGALV.,CON PINTURA ACRILICA DE ALUMINIO, FORMA 7, AREA NO PELIGROSA, ROSCA HEMBRA",Spanish,ELECTRICAL,E_C001_PC,PC,PC,XC0,4620,CROUSE-HINDS,C17,,VE,Diametro_FR,I_SIZE1,I_SIZE2,0.5,0,0,IN,-,-
CXC0F67KA00F000000,"CONDULETA TIPO ""C"", FERALOY/ELECTROGALV.,CON PINTURA ACRILICA DE ALUMINIO, FORMA 7, AREA NO PELIGROSA, ROSCA HEMBRA",Spanish,ELECTRICAL,E_C001_PC,PC,PC,XC0,4620,CROUSE-HINDS,C27,,VE,Diametro_FR,I_SIZE1,I_SIZE2,0.75,0,0,IN,-,-
CXC0F67KA01D000000,"CONDULETA TIPO ""C"", FERALOY/ELECTROGALV.,CON PINTURA ACRILICA DE ALUMINIO, FORMA 7, AREA NO PELIGROSA, ROSCA HEMBRA",Spanish,ELECTRICAL,E_C001_PC,PC,PC,XC0,4620,CROUSE-HINDS,C57,,VE,Diametro_FR,I_SIZE1,I_SIZE2,1.5,0,0,IN,-,-
CXC0F68KA001000000,"CONDULETA TIPO ""C"", FERALOY/ELECTROGALV.,CON PINTURA ACRILICA DE ALUMINIO, FORMA 8, AREA NO PELIGROSA, ROSCA HEMBRA",Spanish,ELECTRICAL,E_C001_PC,PC,PC,XC0,4620,CROUSE-HINDS,C38,I,VE,Diametro_FR,I_SIZE1,I_SIZE2,1,0,0,IN,-,-
CXC0F68KA002000000,"CONDULETA TIPO ""C"", FERALOY/ELECTROGALV.,CON PINTURA ACRILICA DE ALUMINIO, FORMA 8, AREA NO PELIGROSA, ROSCA HEMBRA",Spanish,ELECTRICAL,E_C001_PC,PC,PC,XC0,4620,CROUSE-HINDS,C68,I,VE,Diametro_FR,I_SIZE1,I_SIZE2,2,0,0,IN,-,-
CXC0F68KA003000000,"CONDULETA TIPO ""C"", FERALOY/ELECTROGALV.,CON PINTURA ACRILICA DE ALUMINIO, FORMA 8, AREA NO PELIGROSA, ROSCA HEMBRA",Spanish,ELECTRICAL,E_C001_PC,PC,PC,XC0,4620,CROUSE-HINDS,C88,,VE,Diametro_FR,I_SIZE1,I_SIZE2,3,0,0,IN,-,-
CXC0F68KA00D000000,"CONDULETA TIPO ""C"", FERALOY/ELECTROGALV.,CON PINTURA ACRILICA DE ALUMINIO, FORMA 8, AREA NO PELIGROSA, ROSCA HEMBRA",Spanish,ELECTRICAL,E_C001_PC,PC,PC,XC0,4620,CROUSE-HINDS,C18,I,VE,Diametro_FR,I_SIZE1,I_SIZE2,0.5,0,0,IN,-,-
CXC0F68KA00F000000,"CONDULETA TIPO ""C"", FERALOY/ELECTROGALV.,CON PINTURA ACRILICA DE ALUMINIO, FORMA 8, AREA NO PELIGROSA, ROSCA HEMBRA",Spanish,ELECTRICAL,E_C001_PC,PC,PC,XC0,4620,CROUSE-HINDS,C28,I,VE,Diametro_FR,I_SIZE1,I_SIZE2,0.75,0,0,IN,-,-
CXC0F68KA01D000000,"CONDULETA TIPO ""C"", FERALOY/ELECTROGALV.,CON PINTURA ACRILICA DE ALUMINIO, FORMA 8, AREA NO PELIGROSA, ROSCA HEMBRA",Spanish,ELECTRICAL,E_C001_PC,PC,PC,XC0,4620,CROUSE-HINDS,C58,I,VE,Diametro_FR,I_SIZE1,I_SIZE2,1.5,0,0,IN,-,-
CXC0F68KA02D000000,"CONDULETA TIPO ""C"", FERALOY/ELECTROGALV.,CON PINTURA ACRILICA DE ALUMINIO, FORMA 8, AREA NO PELIGROSA, ROSCA HEMBRA",Spanish,ELECTRICAL,E_C001_PC,PC,PC,XC0,4620,CROUSE-HINDS,C78,,VE,Diametro_FR,I_SIZE1,I_SIZE2,2.5,0,0,IN,-,-
CXC0F6MKA004000000,"CONDULETA TIPO ""C"", ELECTROGALVANIZED CON ALUMINIO ACRYLIC PAINT FERALOY (ALEACION DE HIERRO), MOGUL, UBICACIÓN EN AREA NO PELIGROSA, ROSCA HEMBRA",Spanish,ELECTRICAL,E_C001_PC,PC,PC,XC0,4620,CROUSE-HINDS,BC10,,VE,Diametro_FR,I_SIZE1,I_SIZE2,4,0,0,IN,-,-
CXC0F6MKA01D000000,"CONDULETA TIPO ""C"", ELECTROGALVANIZED CON ALUMINIO ACRYLIC PAINT FERALOY (ALEACION DE HIERRO), MOGUL, UBICACIÓN EN AREA NO PELIGROSA, ROSCA HEMBRA",Spanish,ELECTRICAL,E_C001_PC,PC,PC,XC0,4620,CROUSE-HINDS,BC5,,VE,Diametro_FR,I_SIZE1,I_SIZE2,1.5,0,0,IN,-,-
CXL0A67KA001000000,"CONDULETAA TIPO L,  ALUM. LIBRE DE COBRE -CAPA DE POLVO EPOXICO, FORMA 7, UBICACIÓN EN AREA NO PELIGROSA, ROSCA HEMBRA",Spanish,ELECTRICAL,E_C001_PC,PC,PC,XL0,4620,,,,VE,Diametro_FR,I_SIZE1,I_SIZE2,1,0,0,IN,-,-
CXL0A67KA002000000,"CONDULETAA TIPO L,  ALUM. LIBRE DE COBRE -CAPA DE POLVO EPOXICO, FORMA 7, UBICACIÓN EN AREA NO PELIGROSA, ROSCA HEMBRA",Spanish,ELECTRICAL,E_C001_PC,PC,PC,XL0,4620,,,,VE,Diametro_FR,I_SIZE1,I_SIZE2,2,0,0,IN,-,-
CXL0A67KA003000000,"CONDULETAA TIPO L,  ALUM. LIBRE DE COBRE -CAPA DE POLVO EPOXICO, FORMA 7, UBICACIÓN EN AREA NO PELIGROSA, ROSCA HEMBRA",Spanish,ELECTRICAL,E_C001_PC,PC,PC,XL0,4620,,,,VE,Diametro_FR,I_SIZE1,I_SIZE2,3,0,0,IN,-,-
CXL0A67KA004000000,"CONDULETAA TIPO L,  ALUM. LIBRE DE COBRE -CAPA DE POLVO EPOXICO, FORMA 7, UBICACIÓN EN AREA NO PELIGROSA, ROSCA HEMBRA",Spanish,ELECTRICAL,E_C001_PC,PC,PC,XL0,4620,,,,VE,Diametro_FR,I_SIZE1,I_SIZE2,4,0,0,IN,-,-
CXL0A67KA006000000,"CONDULETAA TIPO L,  ALUM. LIBRE DE COBRE -CAPA DE POLVO EPOXICO, FORMA 7, UBICACIÓN EN AREA NO PELIGROSA, ROSCA HEMBRA",Spanish,ELECTRICAL,E_C001_PC,PC,PC,XL0,4620,,,,VE,Diametro_FR,I_SIZE1,I_SIZE2,6,0,0,IN,-,-
CXL0A67KA00B000000,"CONDULETAA TIPO L,  ALUM. LIBRE DE COBRE -CAPA DE POLVO EPOXICO, FORMA 7, UBICACIÓN EN AREA NO PELIGROSA, ROSCA HEMBRA",Spanish,ELECTRICAL,E_C001_PC,PC,PC,XL0,4620,,,,VE,Diametro_FR,I_SIZE1,I_SIZE2,0.25,0,0,IN,-,-
CXL0A67KA00C000000,"CONDULETAA TIPO L,  ALUM. LIBRE DE COBRE -CAPA DE POLVO EPOXICO, FORMA 7, UBICACIÓN EN AREA NO PELIGROSA, ROSCA HEMBRA",Spanish,ELECTRICAL,E_C001_PC,PC,PC,XL0,4620,,,,VE,Diametro_FR,I_SIZE1,I_SIZE2,0.375,0,0,IN,-,-
CXL0A67KA00D000000,"CONDULETAA TIPO L,  ALUM. LIBRE DE COBRE -CAPA DE POLVO EPOXICO, FORMA 7, UBICACIÓN EN AREA NO PELIGROSA, ROSCA HEMBRA",Spanish,ELECTRICAL,E_C001_PC,PC,PC,XL0,4620,,,,VE,Diametro_FR,I_SIZE1,I_SIZE2,0.5,0,0,IN,-,-
CXL0A67KA00F000000,"CONDULETAA TIPO L,  ALUM. LIBRE DE COBRE -CAPA DE POLVO EPOXICO, FORMA 7, UBICACIÓN EN AREA NO PELIGROSA, ROSCA HEMBRA",Spanish,ELECTRICAL,E_C001_PC,PC,PC,XL0,4620,,,,VE,Diametro_FR,I_SIZE1,I_SIZE2,0.75,0,0,IN,-,-
CXL0A67KA00K000000,"CONDULETAA TIPO L,  ALUM. LIBRE DE COBRE -CAPA DE POLVO EPOXICO, FORMA 7, UBICACIÓN EN AREA NO PELIGROSA, ROSCA HEMBRA",Spanish,ELECTRICAL,E_C001_PC,PC,PC,XL0,4620,,,,VE,Diametro_FR,I_SIZE1,I_SIZE2,0.312,0,0,IN,-,-
CXL0A67KA01D000000,"CONDULETAA TIPO L,  ALUM. LIBRE DE COBRE -CAPA DE POLVO EPOXICO, FORMA 7, UBICACIÓN EN AREA NO PELIGROSA, ROSCA HEMBRA",Spanish,ELECTRICAL,E_C001_PC,PC,PC,XL0,4620,,,,VE,Diametro_FR,I_SIZE1,I_SIZE2,1.5,0,0,IN,-,-
CXL0A67KA02D000000,"CONDULETAA TIPO L,  ALUM. LIBRE DE COBRE -CAPA DE POLVO EPOXICO, FORMA 7, UBICACIÓN EN AREA NO PELIGROSA, ROSCA HEMBRA",Spanish,ELECTRICAL,E_C001_PC,PC,PC,XL0,4620,,,,VE,Diametro_FR,I_SIZE1,I_SIZE2,2.5,0,0,IN,-,-
CXL0A67KA04D000000,"CONDULETAA TIPO L,  ALUM. LIBRE DE COBRE -CAPA DE POLVO EPOXICO, FORMA 7, UBICACIÓN EN AREA NO PELIGROSA, ROSCA HEMBRA",Spanish,ELECTRICAL,E_C001_PC,PC,PC,XL0,4620,,,,VE,Diametro_FR,I_SIZE1,I_SIZE2,4.5,0,0,IN,-,-
CXLBA680A001000000,"CONDULETA TIPO ""LB"",  ALUMINIO LIBRE DE COBRE -CAPA DE POLVO EPOXICO, FORMA 8, ROSCA HEMBRA",Spanish,ELECTRICAL,E_C001_PC,PC,PC,XLB,4620,CROUSE-HINDS,LB38-SA,,VE,Diametro_FR,I_SIZE1,I_SIZE2,1,0,0,IN,-,-
CXLBA680A002000000,"CONDULETA TIPO ""LB"",  ALUMINIO LIBRE DE COBRE -CAPA DE POLVO EPOXICO, FORMA 8, ROSCA HEMBRA",Spanish,ELECTRICAL,E_C001_PC,PC,PC,XLB,4620,CROUSE-HINDS,LB68-SA,,VE,Diametro_FR,I_SIZE1,I_SIZE2,2,0,0,IN,-,-
CXLBA680A00F000000,"CONDULETA TIPO ""LB"",  ALUMINIO LIBRE DE COBRE -CAPA DE POLVO EPOXICO, FORMA 8, ROSCA HEMBRA",Spanish,ELECTRICAL,E_C001_PC,PC,PC,XLB,4620,CROUSE-HINDS,,,VE,Diametro_FR,I_SIZE1,I_SIZE2,0.75,0,0,IN,-,-
CXLBA680A01D000000,"CONDULETA TIPO ""LB"",  ALUMINIO LIBRE DE COBRE -CAPA DE POLVO EPOXICO, FORMA 8, ROSCA HEMBRA",Spanish,ELECTRICAL,E_C001_PC,PC,PC,XLB,4620,CROUSE-HINDS,LB58-SA,,VE,Diametro_FR,I_SIZE1,I_SIZE2,1.5,0,0,IN,-,-
CXLBF67KA001000000,"CONDULETA TIPO ""LB"", FERALOY/ELECTROGALV.,CON PINTURA ACRILICA DE ALUMINIO, FORMA 7, AREA NO PELIGROSA, ROSCA HEMBRA",Spanish,ELECTRICAL,E_C001_PC,PC,PC,XLB,4620,CROUSE-HINDS,LB37,,VE,Diametro_FR,I_SIZE1,I_SIZE2,1,0,0,IN,-,-
CXLBF67KA002000000,"CONDULETA TIPO ""LB"", FERALOY/ELECTROGALV.,CON PINTURA ACRILICA DE ALUMINIO, FORMA 7, AREA NO PELIGROSA, ROSCA HEMBRA",Spanish,ELECTRICAL,E_C001_PC,PC,PC,XLB,4620,CROUSE-HINDS,LB67,,VE,Diametro_FR,I_SIZE1,I_SIZE2,2,0,0,IN,-,-
CXLBF67KA003000000,"CONDULETA TIPO ""LB"", FERALOY/ELECTROGALV.,CON PINTURA ACRILICA DE ALUMINIO, FORMA 7, AREA NO PELIGROSA, ROSCA HEMBRA",Spanish,ELECTRICAL,E_C001_PC,PC,PC,XLB,4620,CROUSE-HINDS,LB87,,VE,Diametro_FR,I_SIZE1,I_SIZE2,3,0,0,IN,-,-
CXLBF67KA004000000,"CONDULETA TIPO ""LB"", FERALOY/ELECTROGALV.,CON PINTURA ACRILICA DE ALUMINIO, FORMA 7, AREA NO PELIGROSA, ROSCA HEMBRA",Spanish,ELECTRICAL,E_C001_PC,PC,PC,XLB,4620,CROUSE-HINDS,LB107,,VE,Diametro_FR,I_SIZE1,I_SIZE2,4,0,0,IN,-,-
CXLBF67KA00F000000,"CONDULETA TIPO ""LB"", FERALOY/ELECTROGALV.,CON PINTURA ACRILICA DE ALUMINIO, FORMA 7, AREA NO PELIGROSA, ROSCA HEMBRA",Spanish,ELECTRICAL,E_C001_PC,PC,PC,XLB,4620,CROUSE-HINDS,LB27,,VE,Diametro_FR,I_SIZE1,I_SIZE2,0.75,0,0,IN,-,-
CXLBF67KA01D000000,"CONDULETA TIPO ""LB"", FERALOY/ELECTROGALV.,CON PINTURA ACRILICA DE ALUMINIO, FORMA 7, AREA NO PELIGROSA, ROSCA HEMBRA",Spanish,ELECTRICAL,E_C001_PC,PC,PC,XLB,4620,CROUSE-HINDS,LB57,,VE,Diametro_FR,I_SIZE1,I_SIZE2,1.5,0,0,IN,-,-
CXLBF68KA001000000,"CONDULETA TIPO ""LB"", FERALOY/ELECTROGALV.,CON PINTURA ACRILICA DE ALUMINIO, FORMA 8, AREA NO PELIGROSA, ROSCA HEMBRA",Spanish,ELECTRICAL,E_C001_PC,PC,PC,XLB,4620,CROUSE-HINDS,LB38,I,VE,Diametro_FR,I_SIZE1,I_SIZE2,1,0,0,IN,-,-
CXLBF68KA002000000,"CONDULETA TIPO ""LB"", FERALOY/ELECTROGALV.,CON PINTURA ACRILICA DE ALUMINIO, FORMA 8, AREA NO PELIGROSA, ROSCA HEMBRA",Spanish,ELECTRICAL,E_C001_PC,PC,PC,XLB,4620,CROUSE-HINDS,LB68,I,VE,Diametro_FR,I_SIZE1,I_SIZE2,2,0,0,IN,-,-
CXLBF68KA003000000,"CONDULETA TIPO ""LB"", FERALOY/ELECTROGALV.,CON PINTURA ACRILICA DE ALUMINIO, FORMA 8, AREA NO PELIGROSA, ROSCA HEMBRA",Spanish,ELECTRICAL,E_C001_PC,PC,PC,XLB,4620,CROUSE-HINDS,LB888,,VE,Diametro_FR,I_SIZE1,I_SIZE2,3,0,0,IN,-,-
CXLBF68KA004000000,"CONDULETA TIPO ""LB"", FERALOY/ELECTROGALV.,CON PINTURA ACRILICA DE ALUMINIO, FORMA 8, AREA NO PELIGROSA, ROSCA HEMBRA",Spanish,ELECTRICAL,E_C001_PC,PC,PC,XLB,4620,CROUSE-HINDS,LB108,,VE,Diametro_FR,I_SIZE1,I_SIZE2,4,0,0,IN,-,-
CXLBF68KA00D000000,"CONDULETA TIPO ""LB"", FERALOY/ELECTROGALV.,CON PINTURA ACRILICA DE ALUMINIO, FORMA 8, AREA NO PELIGROSA, ROSCA HEMBRA",Spanish,ELECTRICAL,E_C001_PC,PC,PC,XLB,4620,CROUSE-HINDS,LB18,I,VE,Diametro_FR,I_SIZE1,I_SIZE2,0.5,0,0,IN,-,-
CXLBF68KA00F000000,"CONDULETA TIPO ""LB"", FERALOY/ELECTROGALV.,CON PINTURA ACRILICA DE ALUMINIO, FORMA 8, AREA NO PELIGROSA, ROSCA HEMBRA",Spanish,ELECTRICAL,E_C001_PC,PC,PC,XLB,4620,CROUSE-HINDS,LB28,I,VE,Diametro_FR,I_SIZE1,I_SIZE2,0.75,0,0,IN,-,-
CXLBF68KA01D000000,"CONDULETA TIPO ""LB"", FERALOY/ELECTROGALV.,CON PINTURA ACRILICA DE ALUMINIO, FORMA 8, AREA NO PELIGROSA, ROSCA HEMBRA",Spanish,ELECTRICAL,E_C001_PC,PC,PC,XLB,4620,CROUSE-HINDS,LB58,I,VE,Diametro_FR,I_SIZE1,I_SIZE2,1.5,0,0,IN,-,-
CXLLF67KA001000000,"CONDULETA TIPO ""LL"", FERALOY/ELECTROGALV.,CON PINTURA ACRILICA DE ALUMINIO, FORMA 7, AREA NO PELIGROSA, ROSCA HEMBRA",Spanish,ELECTRICAL,E_C001_PC,PC,PC,XLL,4620,CROUSE-HINDS,LL37,,VE,Diametro_FR,I_SIZE1,I_SIZE2,1,0,0,IN,-,-
CXLLF67KA002000000,"CONDULETA TIPO ""LL"", FERALOY/ELECTROGALV.,CON PINTURA ACRILICA DE ALUMINIO, FORMA 7, AREA NO PELIGROSA, ROSCA HEMBRA",Spanish,ELECTRICAL,E_C001_PC,PC,PC,XLL,4620,CROUSE-HINDS,LL67,,VE,Diametro_FR,I_SIZE1,I_SIZE2,2,0,0,IN,-,-
CXLLF67KA003000000,"CONDULETA TIPO ""LL"", FERALOY/ELECTROGALV.,CON PINTURA ACRILICA DE ALUMINIO, FORMA 7, AREA NO PELIGROSA, ROSCA HEMBRA",Spanish,ELECTRICAL,E_C001_PC,PC,PC,XLL,4620,CROUSE-HINDS,LL87,,VE,Diametro_FR,I_SIZE1,I_SIZE2,3,0,0,IN,-,-
CXLLF67KA004000000,"CONDULETA TIPO ""LL"", FERALOY/ELECTROGALV.,CON PINTURA ACRILICA DE ALUMINIO, FORMA 7, AREA NO PELIGROSA, ROSCA HEMBRA",Spanish,ELECTRICAL,E_C001_PC,PC,PC,XLL,4620,CROUSE-HINDS,LL107,,VE,Diametro_FR,I_SIZE1,I_SIZE2,4,0,0,IN,-,-
CXLLF67KA00F000000,"CONDULETA TIPO ""LL"", FERALOY/ELECTROGALV.,CON PINTURA ACRILICA DE ALUMINIO, FORMA 7, AREA NO PELIGROSA, ROSCA HEMBRA",Spanish,ELECTRICAL,E_C001_PC,PC,PC,XLL,4620,CROUSE-HINDS,LL27,,VE,Diametro_FR,I_SIZE1,I_SIZE2,0.75,0,0,IN,-,-
CXLLF67KA01D000000,"CONDULETA TIPO ""LL"", FERALOY/ELECTROGALV.,CON PINTURA ACRILICA DE ALUMINIO, FORMA 7, AREA NO PELIGROSA, ROSCA HEMBRA",Spanish,ELECTRICAL,E_C001_PC,PC,PC,XLL,4620,CROUSE-HINDS,LL57,,VE,Diametro_FR,I_SIZE1,I_SIZE2,1.5,0,0,IN,-,-
CXLLF68KA001000000,"CONDULETA TIPO ""LL"", FERALOY/ELECTROGALV.,CON PINTURA ACRILICA DE ALUMINIO, FORMA 8, AREA NO PELIGROSA, ROSCA HEMBRA",Spanish,ELECTRICAL,E_C001_PC,PC,PC,XLL,4620,CROUSE-HINDS,LL38,I,VE,Diametro_FR,I_SIZE1,I_SIZE2,1,0,0,IN,-,-
CXLLF68KA002000000,"CONDULETA TIPO ""LL"", FERALOY/ELECTROGALV.,CON PINTURA ACRILICA DE ALUMINIO, FORMA 8, AREA NO PELIGROSA, ROSCA HEMBRA",Spanish,ELECTRICAL,E_C001_PC,PC,PC,XLL,4620,CROUSE-HINDS,LL68,I,VE,Diametro_FR,I_SIZE1,I_SIZE2,2,0,0,IN,-,-
CXLLF68KA003000000,"CONDULETA TIPO ""LL"", FERALOY/ELECTROGALV.,CON PINTURA ACRILICA DE ALUMINIO, FORMA 8, AREA NO PELIGROSA, ROSCA HEMBRA",Spanish,ELECTRICAL,E_C001_PC,PC,PC,XLL,4620,CROUSE-HINDS,LL888,,VE,Diametro_FR,I_SIZE1,I_SIZE2,3,0,0,IN,-,-
CXLLF68KA00D000000,"CONDULETA TIPO ""LL"", FERALOY/ELECTROGALV.,CON PINTURA ACRILICA DE ALUMINIO, FORMA 8, AREA NO PELIGROSA, ROSCA HEMBRA",Spanish,ELECTRICAL,E_C001_PC,PC,PC,XLL,4620,CROUSE-HINDS,LL18,I,VE,Diametro_FR,I_SIZE1,I_SIZE2,0.5,0,0,IN,-,-
CXLLF68KA00F000000,"CONDULETA TIPO ""LL"", FERALOY/ELECTROGALV.,CON PINTURA ACRILICA DE ALUMINIO, FORMA 8, AREA NO PELIGROSA, ROSCA HEMBRA",Spanish,ELECTRICAL,E_C001_PC,PC,PC,XLL,4620,CROUSE-HINDS,LL28,I,VE,Diametro_FR,I_SIZE1,I_SIZE2,0.75,0,0,IN,-,-
CXLLF68KA01D000000,"CONDULETA TIPO ""LL"", FERALOY/ELECTROGALV.,CON PINTURA ACRILICA DE ALUMINIO, FORMA 8, AREA NO PELIGROSA, ROSCA HEMBRA",Spanish,ELECTRICAL,E_C001_PC,PC,PC,XLL,4620,CROUSE-HINDS,LL58,I,VE,Diametro_FR,I_SIZE1,I_SIZE2,1.5,0,0,IN,-,-
CXLRA680A001000000,"CONDULETA TIPO ""LR"",  ALUMINIO LIBRE DE COBRE -CAPA DE POLVO EPOXICO, FORMA 8, ROSCA HEMBRA",Spanish,ELECTRICAL,E_C001_PC,PC,PC,XLR,4620,CROUSE-HINDS,,,VE,Diametro_FR,I_SIZE1,I_SIZE2,1,0,0,IN,-,-
CXLRA680A002000000,"CONDULETA TIPO ""LR"",  ALUMINIO LIBRE DE COBRE -CAPA DE POLVO EPOXICO, FORMA 8, ROSCA HEMBRA",Spanish,ELECTRICAL,E_C001_PC,PC,PC,XLR,4620,CROUSE-HINDS,LR68-SA,,VE,Diametro_FR,I_SIZE1,I_SIZE2,2,0,0,IN,-,-
CXLRA680A01D000000,"CONDULETA TIPO ""LR"",  ALUMINIO LIBRE DE COBRE -CAPA DE POLVO EPOXICO, FORMA 8, ROSCA HEMBRA",Spanish,ELECTRICAL,E_C001_PC,PC,PC,XLR,4620,CROUSE-HINDS,LR58-SA,,VE,Diametro_FR,I_SIZE1,I_SIZE2,1.5,0,0,IN,-,-
CXLRF67KA001000000,"CONDULETA TIPO ""LR"", FERALOY/ELECTROGALV.,CON PINTURA ACRILICA DE ALUMINIO, FORMA 7, AREA NO PELIGROSA, ROSCA HEMBRA",Spanish,ELECTRICAL,E_C001_PC,PC,PC,XLR,4620,CROUSE-HINDS,LR37,,VE,Diametro_FR,I_SIZE1,I_SIZE2,1,0,0,IN,-,-
CXLRF67KA002000000,"CONDULETA TIPO ""LR"", FERALOY/ELECTROGALV.,CON PINTURA ACRILICA DE ALUMINIO, FORMA 7, AREA NO PELIGROSA, ROSCA HEMBRA",Spanish,ELECTRICAL,E_C001_PC,PC,PC,XLR,4620,CROUSE-HINDS,LR67,,VE,Diametro_FR,I_SIZE1,I_SIZE2,2,0,0,IN,-,-
CXLRF67KA003000000,"CONDULETA TIPO ""LR"", FERALOY/ELECTROGALV.,CON PINTURA ACRILICA DE ALUMINIO, FORMA 7, AREA NO PELIGROSA, ROSCA HEMBRA",Spanish,ELECTRICAL,E_C001_PC,PC,PC,XLR,4620,CROUSE-HINDS,LR87,,VE,Diametro_FR,I_SIZE1,I_SIZE2,3,0,0,IN,-,-
CXLRF67KA004000000,"CONDULETA TIPO ""LR"", FERALOY/ELECTROGALV.,CON PINTURA ACRILICA DE ALUMINIO, FORMA 7, AREA NO PELIGROSA, ROSCA HEMBRA",Spanish,ELECTRICAL,E_C001_PC,PC,PC,XLR,4620,CROUSE-HINDS,LR107,,VE,Diametro_FR,I_SIZE1,I_SIZE2,4,0,0,IN,-,-
CXLRF67KA00F000000,"CONDULETA TIPO ""LR"", FERALOY/ELECTROGALV.,CON PINTURA ACRILICA DE ALUMINIO, FORMA 7, AREA NO PELIGROSA, ROSCA HEMBRA",Spanish,ELECTRICAL,E_C001_PC,PC,PC,XLR,4620,CROUSE-HINDS,LR27,,VE,Diametro_FR,I_SIZE1,I_SIZE2,0.75,0,0,IN,-,-
CXLRF67KA01D000000,"CONDULETA TIPO ""LR"", FERALOY/ELECTROGALV.,CON PINTURA ACRILICA DE ALUMINIO, FORMA 7, AREA NO PELIGROSA, ROSCA HEMBRA",Spanish,ELECTRICAL,E_C001_PC,PC,PC,XLR,4620,CROUSE-HINDS,LR57,,VE,Diametro_FR,I_SIZE1,I_SIZE2,1.5,0,0,IN,-,-
CXLRF67KA02D000000,"CONDULETA TIPO ""LR"", FERALOY/ELECTROGALV.,CON PINTURA ACRILICA DE ALUMINIO, FORMA 7, AREA NO PELIGROSA, ROSCA HEMBRA",Spanish,ELECTRICAL,E_C001_PC,PC,PC,XLR,4620,CROUSE-HINDS,LR777,,VE,Diametro_FR,I_SIZE1,I_SIZE2,2.5,0,0,IN,-,-
CXLRF68KA001000000,"CONDULETA TIPO ""LR"", FERALOY/ELECTROGALV.,CON PINTURA ACRILICA DE ALUMINIO, FORMA 8, AREA NO PELIGROSA, ROSCA HEMBRA",Spanish,ELECTRICAL,E_C001_PC,PC,PC,XLR,4620,CROUSE-HINDS,LR38,I,VE,Diametro_FR,I_SIZE1,I_SIZE2,1,0,0,IN,-,-
CXLRF68KA002000000,"CONDULETA TIPO ""LR"", FERALOY/ELECTROGALV.,CON PINTURA ACRILICA DE ALUMINIO, FORMA 8, AREA NO PELIGROSA, ROSCA HEMBRA",Spanish,ELECTRICAL,E_C001_PC,PC,PC,XLR,4620,CROUSE-HINDS,LR68,I,VE,Diametro_FR,I_SIZE1,I_SIZE2,2,0,0,IN,-,-
CXLRF68KA003000000,"CONDULETA TIPO ""LR"", FERALOY/ELECTROGALV.,CON PINTURA ACRILICA DE ALUMINIO, FORMA 8, AREA NO PELIGROSA, ROSCA HEMBRA",Spanish,ELECTRICAL,E_C001_PC,PC,PC,XLR,4620,CROUSE-HINDS,LR888,,VE,Diametro_FR,I_SIZE1,I_SIZE2,3,0,0,IN,-,-
CXLRF68KA00D000000,"CONDULETA TIPO ""LR"", FERALOY/ELECTROGALV.,CON PINTURA ACRILICA DE ALUMINIO, FORMA 8, AREA NO PELIGROSA, ROSCA HEMBRA",Spanish,ELECTRICAL,E_C001_PC,PC,PC,XLR,4620,CROUSE-HINDS,LR18,I,VE,Diametro_FR,I_SIZE1,I_SIZE2,0.5,0,0,IN,-,-
CXLRF68KA00F000000,"CONDULETA TIPO ""LR"", FERALOY/ELECTROGALV.,CON PINTURA ACRILICA DE ALUMINIO, FORMA 8, AREA NO PELIGROSA, ROSCA HEMBRA",Spanish,ELECTRICAL,E_C001_PC,PC,PC,XLR,4620,CROUSE-HINDS,LR28,I,VE,Diametro_FR,I_SIZE1,I_SIZE2,0.75,0,0,IN,-,-
CXLRF68KA01D000000,"CONDULETA TIPO ""LR"", FERALOY/ELECTROGALV.,CON PINTURA ACRILICA DE ALUMINIO, FORMA 8, AREA NO PELIGROSA, ROSCA HEMBRA",Spanish,ELECTRICAL,E_C001_PC,PC,PC,XLR,4620,CROUSE-HINDS,LR58,I,VE,Diametro_FR,I_SIZE1,I_SIZE2,1.5,0,0,IN,-,-
CXT0A680A001000000,"CONDULETA TIPO ""T"",  ALUMINIO LIBRE DE COBRE -CAPA DE POLVO EPOXICO, FORMA 8, ROSCA HEMBRA",Spanish,ELECTRICAL,E_C001_PC,PC,PC,XT0,4620,,,,VE,Diametro_FR,I_SIZE1,I_SIZE2,1,0,0,IN,-,-
CXT0A680A002000000,"CONDULETA TIPO ""T"",  ALUMINIO LIBRE DE COBRE -CAPA DE POLVO EPOXICO, FORMA 8, ROSCA HEMBRA",Spanish,ELECTRICAL,E_C001_PC,PC,PC,XT0,4620,CROUSE-HINDS,T68-SA,,VE,Diametro_FR,I_SIZE1,I_SIZE2,2,0,0,IN,-,-
CXT0A680A00D000000,"CONDULETA TIPO ""T"",  ALUMINIO LIBRE DE COBRE -CAPA DE POLVO EPOXICO, FORMA 8, ROSCA HEMBRA",Spanish,ELECTRICAL,E_C001_PC,PC,PC,XT0,4620,,,,VE,Diametro_FR,I_SIZE1,I_SIZE2,0.5,0,0,IN,-,-
CXT0A680A01D000000,"CONDULETA TIPO ""T"",  ALUMINIO LIBRE DE COBRE -CAPA DE POLVO EPOXICO, FORMA 8, ROSCA HEMBRA",Spanish,ELECTRICAL,E_C001_PC,PC,PC,XT0,4620,,,,VE,Diametro_FR,I_SIZE1,I_SIZE2,1.5,0,0,IN,-,-
CXT0F67KA001000000,"CONDULETA TIPO ""T"", FERALOY/ELECTROGALV.,CON PINTURA ACRILICA DE ALUMINIO, FORMA 7, AREA NO PELIGROSA, ROSCA HEMBRA",Spanish,ELECTRICAL,E_C001_PC,PC,PC,XT0,4620,CROUSE-HINDS,T37,,VE,Diametro_FR,I_SIZE1,I_SIZE2,1,0,0,IN,-,-
CXT0F67KA002000000,"CONDULETA TIPO ""T"", FERALOY/ELECTROGALV.,CON PINTURA ACRILICA DE ALUMINIO, FORMA 7, AREA NO PELIGROSA, ROSCA HEMBRA",Spanish,ELECTRICAL,E_C001_PC,PC,PC,XT0,4620,CROUSE-HINDS,T67,,VE,Diametro_FR,I_SIZE1,I_SIZE2,2,0,0,IN,-,-
CXT0F67KA003000000,"CONDULETA TIPO ""T"", FERALOY/ELECTROGALV.,CON PINTURA ACRILICA DE ALUMINIO, FORMA 7, AREA NO PELIGROSA, ROSCA HEMBRA",Spanish,ELECTRICAL,E_C001_PC,PC,PC,XT0,4620,CROUSE-HINDS,T87,,VE,Diametro_FR,I_SIZE1,I_SIZE2,3,0,0,IN,-,-
CXT0F67KA004000000,"CONDULETA TIPO ""T"", FERALOY/ELECTROGALV.,CON PINTURA ACRILICA DE ALUMINIO, FORMA 7, AREA NO PELIGROSA, ROSCA HEMBRA",Spanish,ELECTRICAL,E_C001_PC,PC,PC,XT0,4620,CROUSE-HINDS,T107,,VE,Diametro_FR,I_SIZE1,I_SIZE2,4,0,0,IN,-,-
CXT0F67KA00F000000,"CONDULETA TIPO ""T"", FERALOY/ELECTROGALV.,CON PINTURA ACRILICA DE ALUMINIO, FORMA 7, AREA NO PELIGROSA, ROSCA HEMBRA",Spanish,ELECTRICAL,E_C001_PC,PC,PC,XT0,4620,CROUSE-HINDS,T27,,VE,Diametro_FR,I_SIZE1,I_SIZE2,0.75,0,0,IN,-,-
CXT0F67KA01D000000,"CONDULETA TIPO ""T"", FERALOY/ELECTROGALV.,CON PINTURA ACRILICA DE ALUMINIO, FORMA 7, AREA NO PELIGROSA, ROSCA HEMBRA",Spanish,ELECTRICAL,E_C001_PC,PC,PC,XT0,4620,CROUSE-HINDS,T57,,VE,Diametro_FR,I_SIZE1,I_SIZE2,1.5,0,0,IN,-,-
CXT0F68KA001000000,"CONDULETA TIPO ""T"", FERALOY/ELECTROGALV.,CON PINTURA ACRILICA DE ALUMINIO, FORMA 8, AREA NO PELIGROSA, ROSCA HEMBRA",Spanish,ELECTRICAL,E_C001_PC,PC,PC,XT0,4620,CROUSE-HINDS,T38,I,VE,Diametro_FR,I_SIZE1,I_SIZE2,1,0,0,IN,-,-
CXT0F68KA002000000,"CONDULETA TIPO ""T"", FERALOY/ELECTROGALV.,CON PINTURA ACRILICA DE ALUMINIO, FORMA 8, AREA NO PELIGROSA, ROSCA HEMBRA",Spanish,ELECTRICAL,E_C001_PC,PC,PC,XT0,4620,CROUSE-HINDS,T68,I,VE,Diametro_FR,I_SIZE1,I_SIZE2,2,0,0,IN,-,-
CXT0F68KA003000000,"CONDULETA TIPO ""T"", FERALOY/ELECTROGALV.,CON PINTURA ACRILICA DE ALUMINIO, FORMA 8, AREA NO PELIGROSA, ROSCA HEMBRA",Spanish,ELECTRICAL,E_C001_PC,PC,PC,XT0,4620,CROUSE-HINDS,T888,,VE,Diametro_FR,I_SIZE1,I_SIZE2,3,0,0,IN,-,-
CXT0F68KA00D000000,"CONDULETA TIPO ""T"", FERALOY/ELECTROGALV.,CON PINTURA ACRILICA DE ALUMINIO, FORMA 8, AREA NO PELIGROSA, ROSCA HEMBRA",Spanish,ELECTRICAL,E_C001_PC,PC,PC,XT0,4620,CROUSE-HINDS,T18,I,VE,Diametro_FR,I_SIZE1,I_SIZE2,0.5,0,0,IN,-,-
CXT0F68KA00F000000,"CONDULETA TIPO ""T"", FERALOY/ELECTROGALV.,CON PINTURA ACRILICA DE ALUMINIO, FORMA 8, AREA NO PELIGROSA, ROSCA HEMBRA",Spanish,ELECTRICAL,E_C001_PC,PC,PC,XT0,4620,CROUSE-HINDS,T28,I,VE,Diametro_FR,I_SIZE1,I_SIZE2,0.75,0,0,IN,-,-
CXT0F68KA01D000000,"CONDULETA TIPO ""T"", FERALOY/ELECTROGALV.,CON PINTURA ACRILICA DE ALUMINIO, FORMA 8, AREA NO PELIGROSA, ROSCA HEMBRA",Spanish,ELECTRICAL,E_C001_PC,PC,PC,XT0,4620,CROUSE-HINDS,T58,I,VE,Diametro_FR,I_SIZE1,I_SIZE2,1.5,0,0,IN,-,-
CXT0F6MKA002000000,"CONDULETA TIPO ""T"", FERALOY/ELECTROGALV.,CON PINTURA ACRILICA DE ALUMINIO, MOGUL, AREA NO PELIGROSA, ROSCA HEMBRA",Spanish,ELECTRICAL,E_C001_PC,PC,PC,XT0,4620,CROUSE-HINDS,BT6,,VE,Diametro_FR,I_SIZE1,I_SIZE2,2,0,0,IN,-,-
CXT0F6MKA003000000,"CONDULETA TIPO ""T"", FERALOY/ELECTROGALV.,CON PINTURA ACRILICA DE ALUMINIO, MOGUL, AREA NO PELIGROSA, ROSCA HEMBRA",Spanish,ELECTRICAL,E_C001_PC,PC,PC,XT0,4620,CROUSE-HINDS,BT8,,VE,Diametro_FR,I_SIZE1,I_SIZE2,3,0,0,IN,-,-
CXT0F6MKA004000000,"CONDULETA TIPO ""T"", FERALOY/ELECTROGALV.,CON PINTURA ACRILICA DE ALUMINIO, MOGUL, AREA NO PELIGROSA, ROSCA HEMBRA",Spanish,ELECTRICAL,E_C001_PC,PC,PC,XT0,4620,CROUSE-HINDS,BT10,,VE,Diametro_FR,I_SIZE1,I_SIZE2,4,0,0,IN,-,-
CXTBF68KA001000000,"CONDULETA TIPO ""TB"", FERALOY/ELECTROGALV.,CON PINTURA ACRILICA DE ALUMINIO, FORMA 8, AREA NO PELIGROSA, ROSCA HEMBRA",Spanish,ELECTRICAL,E_C001_PC,PC,PC,XTB,4620,CROUSE-HINDS,TB38,I,VE,Diametro_FR,I_SIZE1,I_SIZE2,1,0,0,IN,-,-
CXTBF68KA002000000,"CONDULETA TIPO ""TB"", FERALOY/ELECTROGALV.,CON PINTURA ACRILICA DE ALUMINIO, FORMA 8, AREA NO PELIGROSA, ROSCA HEMBRA",Spanish,ELECTRICAL,E_C001_PC,PC,PC,XTB,4620,CROUSE-HINDS,TB68,I,VE,Diametro_FR,I_SIZE1,I_SIZE2,2,0,0,IN,-,-
CXTBF68KA003000000,"CONDULETA TIPO ""TB"", FERALOY/ELECTROGALV.,CON PINTURA ACRILICA DE ALUMINIO, FORMA 8, AREA NO PELIGROSA, ROSCA HEMBRA",Spanish,ELECTRICAL,E_C001_PC,PC,PC,XTB,4620,CROUSE-HINDS,TB888,,VE,Diametro_FR,I_SIZE1,I_SIZE2,3,0,0,IN,-,-
CXTBF68KA00D000000,"CONDULETA TIPO ""TB"", FERALOY/ELECTROGALV.,CON PINTURA ACRILICA DE ALUMINIO, FORMA 8, AREA NO PELIGROSA, ROSCA HEMBRA",Spanish,ELECTRICAL,E_C001_PC,PC,PC,XTB,4620,CROUSE-HINDS,TB18,I,VE,Diametro_FR,I_SIZE1,I_SIZE2,0.5,0,0,IN,-,-
CXTBF68KA00F000000,"CONDULETA TIPO ""TB"", FERALOY/ELECTROGALV.,CON PINTURA ACRILICA DE ALUMINIO, FORMA 8, AREA NO PELIGROSA, ROSCA HEMBRA",Spanish,ELECTRICAL,E_C001_PC,PC,PC,XTB,4620,CROUSE-HINDS,TB28,I,VE,Diametro_FR,I_SIZE1,I_SIZE2,0.75,0,0,IN,-,-
CXTBF68KA01D000000,"CONDULETA TIPO ""TB"", FERALOY/ELECTROGALV.,CON PINTURA ACRILICA DE ALUMINIO, FORMA 8, AREA NO PELIGROSA, ROSCA HEMBRA",Spanish,ELECTRICAL,E_C001_PC,PC,PC,XTB,4620,CROUSE-HINDS,TB58,I,VE,Diametro_FR,I_SIZE1,I_SIZE2,1.5,0,0,IN,-,-
CXX0F67KA002000000,"CONDULETA TIPO ""X"", FERALOY/ELECTROGALV.,CON PINTURA ACRILICA DE ALUMINIO, FORMA 7, AREA NO PELIGROSA, ROSCA HEMBRA",Spanish,ELECTRICAL,E_C001_PC,PC,PC,XX0,4620,CROUSE-HINDS,X67,,VE,Diametro_FR,I_SIZE1,I_SIZE2,2,0,0,IN,-,-
CXX0F67KA01D000000,"CONDULETA TIPO ""X"", FERALOY/ELECTROGALV.,CON PINTURA ACRILICA DE ALUMINIO, FORMA 7, AREA NO PELIGROSA, ROSCA HEMBRA",Spanish,ELECTRICAL,E_C001_PC,PC,PC,XX0,4620,CROUSE-HINDS,X57,,VE,Diametro_FR,I_SIZE1,I_SIZE2,1.5,0,0,IN,-,-
CXX0F68KA001000000,"CONDULETA TIPO ""X"", FERALOY/ELECTROGALV.,CON PINTURA ACRILICA DE ALUMINIO, FORMA 8, AREA NO PELIGROSA, ROSCA HEMBRA",Spanish,ELECTRICAL,E_C001_PC,PC,PC,XX0,4620,CROUSE-HINDS,X38,I,VE,Diametro_FR,I_SIZE1,I_SIZE2,1,0,0,IN,-,-
CXX0F68KA002000000,"CONDULETA TIPO ""X"", FERALOY/ELECTROGALV.,CON PINTURA ACRILICA DE ALUMINIO, FORMA 8, AREA NO PELIGROSA, ROSCA HEMBRA",Spanish,ELECTRICAL,E_C001_PC,PC,PC,XX0,4620,CROUSE-HINDS,X68,I,VE,Diametro_FR,I_SIZE1,I_SIZE2,2,0,0,IN,-,-
CXX0F68KA00D000000,"CONDULETA TIPO ""X"", FERALOY/ELECTROGALV.,CON PINTURA ACRILICA DE ALUMINIO, FORMA 8, AREA NO PELIGROSA, ROSCA HEMBRA",Spanish,ELECTRICAL,E_C001_PC,PC,PC,XX0,4620,CROUSE-HINDS,X18,I,VE,Diametro_FR,I_SIZE1,I_SIZE2,0.5,0,0,IN,-,-
CXX0F68KA00F000000,"CONDULETA TIPO ""X"", FERALOY/ELECTROGALV.,CON PINTURA ACRILICA DE ALUMINIO, FORMA 8, AREA NO PELIGROSA, ROSCA HEMBRA",Spanish,ELECTRICAL,E_C001_PC,PC,PC,XX0,4620,CROUSE-HINDS,X28,I,VE,Diametro_FR,I_SIZE1,I_SIZE2,0.75,0,0,IN,-,-
CXX0F68KA01D000000,"CONDULETA TIPO ""X"", FERALOY/ELECTROGALV.,CON PINTURA ACRILICA DE ALUMINIO, FORMA 8, AREA NO PELIGROSA, ROSCA HEMBRA",Spanish,ELECTRICAL,E_C001_PC,PC,PC,XX0,4620,CROUSE-HINDS,X58,I,VE,Diametro_FR,I_SIZE1,I_SIZE2,1.5,0,0,IN,-,-
CCC0A0H0C001003000,"TUBERIA RIGIDA, ALUMINIO LIBRE DE COBRE -NATURAL, CONDUIT RIGIDO DE PARED GRUESA, ROSCA MACHO X ROSCA HEMBRA",Spanish,ELECTRICAL,E_C004_PC,PC,PC,CC0,4622,RAWELT,12.04.3000,,VE,Diametro_FR,Longitud,I_SIZE1,1,3,0,IN,M,-
CCC0A0H0C002003000,"TUBERIA RIGIDA, ALUMINIO LIBRE DE COBRE -NATURAL, CONDUIT RIGIDO DE PARED GRUESA, ROSCA MACHO X ROSCA HEMBRA",Spanish,ELECTRICAL,E_C004_PC,PC,PC,CC0,4622,RAWELT,12.04.3003,,VE,Diametro_FR,Longitud,I_SIZE1,2,3,0,IN,M,-
CCC0A0H0C003003000,"TUBERIA RIGIDA, ALUMINIO LIBRE DE COBRE -NATURAL, CONDUIT RIGIDO DE PARED GRUESA, ROSCA MACHO X ROSCA HEMBRA",Spanish,ELECTRICAL,E_C004_PC,PC,PC,CC0,4622,RAWELT,12.04.3005,,VE,Diametro_FR,Longitud,I_SIZE1,3,3,0,IN,M,-
CCC0A0H0C004003000,"TUBERIA RIGIDA, ALUMINIO LIBRE DE COBRE -NATURAL, CONDUIT RIGIDO DE PARED GRUESA, ROSCA MACHO X ROSCA HEMBRA",Spanish,ELECTRICAL,E_C004_PC,PC,PC,CC0,4622,RAWELT,12.04.3006,,VE,Diametro_FR,Longitud,I_SIZE1,4,3,0,IN,M,-
CCC0A0H0C006003000,"TUBERIA RIGIDA, ALUMINIO LIBRE DE COBRE -NATURAL, CONDUIT RIGIDO DE PARED GRUESA, ROSCA MACHO X ROSCA HEMBRA",Spanish,ELECTRICAL,E_C004_PC,PC,PC,CC0,4622,RAWELT,,,VE,Diametro_FR,Longitud,I_SIZE1,6,3,0,IN,M,-
CCC0A0H0C00D003000,"TUBERIA RIGIDA, ALUMINIO LIBRE DE COBRE -NATURAL, CONDUIT RIGIDO DE PARED GRUESA, ROSCA MACHO X ROSCA HEMBRA",Spanish,ELECTRICAL,E_C004_PC,PC,PC,CC0,4622,RAWELT,12.04.2998,,VE,Diametro_FR,Longitud,I_SIZE1,0.5,3,0,IN,M,-
CCC0A0H0C00F003000,"TUBERIA RIGIDA, ALUMINIO LIBRE DE COBRE -NATURAL, CONDUIT RIGIDO DE PARED GRUESA, ROSCA MACHO X ROSCA HEMBRA",Spanish,ELECTRICAL,E_C004_PC,PC,PC,CC0,4622,RAWELT,12.04.2999,,VE,Diametro_FR,Longitud,I_SIZE1,0.75,3,0,IN,M,-
CCC0A0H0C01D003000,"TUBERIA RIGIDA, ALUMINIO LIBRE DE COBRE -NATURAL, CONDUIT RIGIDO DE PARED GRUESA, ROSCA MACHO X ROSCA HEMBRA",Spanish,ELECTRICAL,E_C004_PC,PC,PC,CC0,4622,RAWELT,12.04.3002,,VE,Diametro_FR,Longitud,I_SIZE1,1.5,3,0,IN,M,-
CCC0A0H0C02D003000,"TUBERIA RIGIDA, ALUMINIO LIBRE DE COBRE -NATURAL, CONDUIT RIGIDO DE PARED GRUESA, ROSCA MACHO X ROSCA HEMBRA",Spanish,ELECTRICAL,E_C004_PC,PC,PC,CC0,4622,RAWELT,12.04.3004,,VE,Diametro_FR,Longitud,I_SIZE1,2.5,3,0,IN,M,-
CCC0A0H0C03D003000,"TUBERIA RIGIDA, ALUMINIO LIBRE DE COBRE -NATURAL, CONDUIT RIGIDO DE PARED GRUESA, ROSCA MACHO X ROSCA HEMBRA",Spanish,ELECTRICAL,E_C004_PC,PC,PC,CC0,4622,RAWELT,12.04.3198,,VE,Diametro_FR,Longitud,I_SIZE1,3.5,3,0,IN,M,-
CCC0A0HKB001003000,"TUBERIA RIGIDA, ALUMINIO LIBRE DE COBRE -NATURAL, CONDUIT RIGIDO DE PARED GRUESA, UBICACIÓN EN AREA NO PELIGROSA, ROSCA MACHO",Spanish,ELECTRICAL,E_C004_PC,PC,PC,CC0,4622,INDALUM,95221,,VE,Diametro_FR,Longitud,I_SIZE1,1,3,0,IN,M,-
CCC0A0HKB002003000,"TUBERIA RIGIDA, ALUMINIO LIBRE DE COBRE -NATURAL, CONDUIT RIGIDO DE PARED GRUESA, UBICACIÓN EN AREA NO PELIGROSA, ROSCA MACHO",Spanish,ELECTRICAL,E_C004_PC,PC,PC,CC0,4622,INDALUM,,,VE,Diametro_FR,Longitud,I_SIZE1,2,3,0,IN,M,-
CCC0A0HKB003003000,"TUBERIA RIGIDA, ALUMINIO LIBRE DE COBRE -NATURAL, CONDUIT RIGIDO DE PARED GRUESA, UBICACIÓN EN AREA NO PELIGROSA, ROSCA MACHO",Spanish,ELECTRICAL,E_C004_PC,PC,PC,CC0,4622,INDALUM,,,VE,Diametro_FR,Longitud,I_SIZE1,3,3,0,IN,M,-
CCC0A0HKB004003000,"TUBERIA RIGIDA, ALUMINIO LIBRE DE COBRE -NATURAL, CONDUIT RIGIDO DE PARED GRUESA, UBICACIÓN EN AREA NO PELIGROSA, ROSCA MACHO",Spanish,ELECTRICAL,E_C004_PC,PC,PC,CC0,4622,INDALUM,,,VE,Diametro_FR,Longitud,I_SIZE1,4,3,0,IN,M,-
CCC0A0HKB006003000,"TUBERIA RIGIDA, ALUMINIO LIBRE DE COBRE -NATURAL, CONDUIT RIGIDO DE PARED GRUESA, UBICACIÓN EN AREA NO PELIGROSA, ROSCA MACHO",Spanish,ELECTRICAL,E_C004_PC,PC,PC,CC0,4622,INDALUM,,,VE,Diametro_FR,Longitud,I_SIZE1,6,3,0,IN,M,-
CCC0A0HKB00F003000,"TUBERIA RIGIDA, ALUMINIO LIBRE DE COBRE -NATURAL, CONDUIT RIGIDO DE PARED GRUESA, UBICACIÓN EN AREA NO PELIGROSA, ROSCA MACHO",Spanish,ELECTRICAL,E_C004_PC,PC,PC,CC0,4622,INDALUM,,,VE,Diametro_FR,Longitud,I_SIZE1,0.75,3,0,IN,M,-
CCC0A0HKB01B003000,"TUBERIA RIGIDA, ALUMINIO LIBRE DE COBRE -NATURAL, CONDUIT RIGIDO DE PARED GRUESA, UBICACIÓN EN AREA NO PELIGROSA, ROSCA MACHO",Spanish,ELECTRICAL,E_C004_PC,PC,PC,CC0,4622,INDALUM,,,VE,Diametro_FR,Longitud,I_SIZE1,1.25,3,0,IN,M,-
CCC0A0HKB01D003000,"TUBERIA RIGIDA, ALUMINIO LIBRE DE COBRE -NATURAL, CONDUIT RIGIDO DE PARED GRUESA, UBICACIÓN EN AREA NO PELIGROSA, ROSCA MACHO",Spanish,ELECTRICAL,E_C004_PC,PC,PC,CC0,4622,INDALUM,,,VE,Diametro_FR,Longitud,I_SIZE1,1.5,3,0,IN,M,-
CCC0A0HKB02D003000,"TUBERIA RIGIDA, ALUMINIO LIBRE DE COBRE -NATURAL, CONDUIT RIGIDO DE PARED GRUESA, UBICACIÓN EN AREA NO PELIGROSA, ROSCA MACHO",Spanish,ELECTRICAL,E_C004_PC,PC,PC,CC0,4622,INDALUM,,,VE,Diametro_FR,Longitud,I_SIZE1,2.5,3,0,IN,M,-
CCC0S4U0C001064000,"TUBERIA RIGIDA, ACERO GALVANIZADO EN CALIENTE, CONDUIT RIGIDO DE PARED GRUESA (ANSI C-80.1), ROSCA MACHO X ROSCA HEMBRA",Spanish,ELECTRICAL,E_C004_PC,PC,PC,CC0,4620,,,,VE,Diametro_FR,Longitud,I_SIZE1,1,6.4,0,IN,M,-
CCC0S4U0C002064000,"TUBERIA RIGIDA, ACERO GALVANIZADO EN CALIENTE, CONDUIT RIGIDO DE PARED GRUESA (ANSI C-80.1), ROSCA MACHO X ROSCA HEMBRA",Spanish,ELECTRICAL,E_C004_PC,PC,PC,CC0,4620,,,,VE,Diametro_FR,Longitud,I_SIZE1,2,6.4,0,IN,M,-
CCC0S4U0C004064000,"TUBERIA RIGIDA, ACERO GALVANIZADO EN CALIENTE, CONDUIT RIGIDO DE PARED GRUESA (ANSI C-80.1), ROSCA MACHO X ROSCA HEMBRA",Spanish,ELECTRICAL,E_C004_PC,PC,PC,CC0,4620,,,,VE,Diametro_FR,Longitud,I_SIZE1,4,6.4,0,IN,M,-
CCC0S4U0C006064000,"TUBERIA RIGIDA, ACERO GALVANIZADO EN CALIENTE, CONDUIT RIGIDO DE PARED GRUESA (ANSI C-80.1), ROSCA MACHO X ROSCA HEMBRA",Spanish,ELECTRICAL,E_C004_PC,PC,PC,CC0,4620,,,,VE,Diametro_FR,Longitud,I_SIZE1,6,6.4,0,IN,M,-
CCC0S4U0C00F064000,"TUBERIA RIGIDA, ACERO GALVANIZADO EN CALIENTE, CONDUIT RIGIDO DE PARED GRUESA (ANSI C-80.1), ROSCA MACHO X ROSCA HEMBRA",Spanish,ELECTRICAL,E_C004_PC,PC,PC,CC0,4620,,,,VE,Diametro_FR,Longitud,I_SIZE1,0.75,6.4,0,IN,M,-
CCC0S4U0C01D064000,"TUBERIA RIGIDA, ACERO GALVANIZADO EN CALIENTE, CONDUIT RIGIDO DE PARED GRUESA (ANSI C-80.1), ROSCA MACHO X ROSCA HEMBRA",Spanish,ELECTRICAL,E_C004_PC,PC,PC,CC0,4620,,,,VE,Diametro_FR,Longitud,I_SIZE1,1.5,6.4,0,IN,M,-
CCC0S9M0S001003000,"TUBERIA RIGIDA, ACERO GALVANIZADO ELECTROLITICO (ELECTROGALVANIZADO, ELECTROPLATEADO CON ZINC), EMT (CONDUIT RIGIDO DE PARED DELGADA), EXTREMOS LISOS",Spanish,ELECTRICAL,E_C004_PC,PC,PC,CC0,4620,,,,VE,Diametro_FR,Longitud,I_SIZE1,1,3,0,IN,M,-
CCC0S9M0S002003000,"TUBERIA RIGIDA, ACERO GALVANIZADO ELECTROLITICO (ELECTROGALVANIZADO, ELECTROPLATEADO CON ZINC), EMT (CONDUIT RIGIDO DE PARED DELGADA), EXTREMOS LISOS",Spanish,ELECTRICAL,E_C004_PC,PC,PC,CC0,4620,,,,VE,Diametro_FR,Longitud,I_SIZE1,2,3,0,IN,M,-
CCC0S9M0S00D003000,"TUBERIA RIGIDA, ACERO GALVANIZADO ELECTROLITICO (ELECTROGALVANIZADO, ELECTROPLATEADO CON ZINC), EMT (CONDUIT RIGIDO DE PARED DELGADA), EXTREMOS LISOS",Spanish,ELECTRICAL,E_C004_PC,PC,PC,CC0,4620,,,,VE,Diametro_FR,Longitud,I_SIZE1,0.5,3,0,IN,M,-
CCC0S9M0S00F003000,"TUBERIA RIGIDA, ACERO GALVANIZADO ELECTROLITICO (ELECTROGALVANIZADO, ELECTROPLATEADO CON ZINC), EMT (CONDUIT RIGIDO DE PARED DELGADA), EXTREMOS LISOS",Spanish,ELECTRICAL,E_C004_PC,PC,PC,CC0,4620,,,,VE,Diametro_FR,Longitud,I_SIZE1,0.75,3,0,IN,M,-
CCC0S9M0S01D003000,"TUBERIA RIGIDA, ACERO GALVANIZADO ELECTROLITICO (ELECTROGALVANIZADO, ELECTROPLATEADO CON ZINC), EMT (CONDUIT RIGIDO DE PARED DELGADA), EXTREMOS LISOS",Spanish,ELECTRICAL,E_C004_PC,PC,PC,CC0,4620,,,,VE,Diametro_FR,Longitud,I_SIZE1,1.5,3,0,IN,M,-
CXCCF68K0001000000,"TAPA PARA CONDULETA, FERALOY/ELECTROGALVANIZADO,CON PINTURA ACRILICA DE ALUMINIO, FORMA 8, AREA NO PELIGROSA",Spanish,ELECTRICAL,E_C001_PC,PC,PC,XCC,4620,CROUSE-HINDS,380F,I,VE,Diametro_FR,I_SIZE1,I_SIZE2,1,0,0,IN,-,-
CXCCF68K0002000000,"TAPA PARA CONDULETA, FERALOY/ELECTROGALVANIZADO,CON PINTURA ACRILICA DE ALUMINIO, FORMA 8, AREA NO PELIGROSA",Spanish,ELECTRICAL,E_C001_PC,PC,PC,XCC,4620,CROUSE-HINDS,680F,I,VE,Diametro_FR,I_SIZE1,I_SIZE2,2,0,0,IN,-,-
CXCCF68K0003000000,"TAPA PARA CONDULETA, FERALOY/ELECTROGALVANIZADO,CON PINTURA ACRILICA DE ALUMINIO, FORMA 8, AREA NO PELIGROSA",Spanish,ELECTRICAL,E_C001_PC,PC,PC,XCC,4620,CROUSE-HINDS,880F,,VE,Diametro_FR,I_SIZE1,I_SIZE2,3,0,0,IN,-,-
CXCCF68K0004000000,"TAPA PARA CONDULETA, FERALOY/ELECTROGALVANIZADO,CON PINTURA ACRILICA DE ALUMINIO, FORMA 8, AREA NO PELIGROSA",Spanish,ELECTRICAL,E_C001_PC,PC,PC,XCC,4620,CROUSE-HINDS,980F,,VE,Diametro_FR,I_SIZE1,I_SIZE2,4,0,0,IN,-,-
CXCCF68K000D000000,"TAPA PARA CONDULETA, FERALOY/ELECTROGALVANIZADO,CON PINTURA ACRILICA DE ALUMINIO, FORMA 8, AREA NO PELIGROSA",Spanish,ELECTRICAL,E_C001_PC,PC,PC,XCC,4620,CROUSE-HINDS,180F,I,VE,Diametro_FR,I_SIZE1,I_SIZE2,0.5,0,0,IN,-,-
CXCCF68K000F000000,"TAPA PARA CONDULETA, FERALOY/ELECTROGALVANIZADO,CON PINTURA ACRILICA DE ALUMINIO, FORMA 8, AREA NO PELIGROSA",Spanish,ELECTRICAL,E_C001_PC,PC,PC,XCC,4620,CROUSE-HINDS,280F,I,VE,Diametro_FR,I_SIZE1,I_SIZE2,0.75,0,0,IN,-,-
CXCCF68K001D000000,"TAPA PARA CONDULETA, FERALOY/ELECTROGALVANIZADO,CON PINTURA ACRILICA DE ALUMINIO, FORMA 8, AREA NO PELIGROSA",Spanish,ELECTRICAL,E_C001_PC,PC,PC,XCC,4620,CROUSE-HINDS,580F,I,VE,Diametro_FR,I_SIZE1,I_SIZE2,1.5,0,0,IN,-,-
CXSGN08K0001000000,"EMPACADURA SOLIDA CONDULETA, NEOPRENO NATURAL, FORMA 8 (TORNILLO), UBICACIÓN EN AREA NO PELIGROSA",Spanish,ELECTRICAL,E_C001_PC,PC,PC,XSG,4620,CROUSE-HINDS,GASK853N,I,VE,Diametro_FR,I_SIZE1,I_SIZE2,1,0,0,IN,-,-
CXSGN08K000D000000,"EMPACADURA SOLIDA CONDULETA, NEOPRENO NATURAL, FORMA 8 (TORNILLO), UBICACIÓN EN AREA NO PELIGROSA",Spanish,ELECTRICAL,E_C001_PC,PC,PC,XSG,4620,CROUSE-HINDS,GASK851N,I,VE,Diametro_FR,I_SIZE1,I_SIZE2,0.5,0,0,IN,-,-
CXSGN08K000F000000,"EMPACADURA SOLIDA CONDULETA, NEOPRENO NATURAL, FORMA 8 (TORNILLO), UBICACIÓN EN AREA NO PELIGROSA",Spanish,ELECTRICAL,E_C001_PC,PC,PC,XSG,4620,CROUSE-HINDS,GASK852N,,VE,Diametro_FR,I_SIZE1,I_SIZE2,0.75,0,0,IN,-,-
CX0GN08K0002000000,"EMPACADURA ABIERTA PARA CONDULETA, DE NEOPRENO NATURAL, FORMA 8, AREA NO PELIGROSA",Spanish,ELECTRICAL,E_C001_PC,PC,PC,X0G,4620,CROUSE-HINDS,GASK806N,,VE,Diametro_FR,I_SIZE1,I_SIZE2,2,0,0,IN,-,-
CX0GN08K0003000000,"EMPACADURA ABIERTA PARA CONDULETA, DE NEOPRENO NATURAL, FORMA 8, AREA NO PELIGROSA",Spanish,ELECTRICAL,E_C001_PC,PC,PC,X0G,4620,CROUSE-HINDS,GASK808N,,VE,Diametro_FR,I_SIZE1,I_SIZE2,3,0,0,IN,-,-
CX0GN08K0004000000,"EMPACADURA ABIERTA PARA CONDULETA, DE NEOPRENO NATURAL, FORMA 8, AREA NO PELIGROSA",Spanish,ELECTRICAL,E_C001_PC,PC,PC,X0G,4620,CROUSE-HINDS,GASK8089N,,VE,Diametro_FR,I_SIZE1,I_SIZE2,4,0,0,IN,-,-
CX0GN08K001D000000,"EMPACADURA ABIERTA PARA CONDULETA, DE NEOPRENO NATURAL, FORMA 8, AREA NO PELIGROSA",Spanish,ELECTRICAL,E_C001_PC,PC,PC,X0G,4620,CROUSE-HINDS,GASK805N,,VE,Diametro_FR,I_SIZE1,I_SIZE2,1.5,0,0,IN,-,-
